<?xml version="1.0" encoding="UTF-8"?>
<metadata xml:lang="en"><Esri><CreaDate>20220915</CreaDate><CreaTime>10251900</CreaTime><SyncOnce>FALSE</SyncOnce><SyncDate>20200524</SyncDate><SyncTime>17085300</SyncTime><ModDate>20200524</ModDate><ModTime>17085300</ModTime><DataProperties><lineage><Process ToolSource="C:\Program Files\ArcGIS\ArcToolbox\Toolboxes\Data Management Tools.tbx\CopyFeatures" Date="20090128" Time="115634">CopyFeatures C:\GEODATABASE_OF_INDIA_1M_8ver\BOUNDARIES.mdb\international_boundary\INTBWP C:\GEODATABASE_OF_INDIA_1M_8ver\BOUNDARIES\INTBWP.shp # 0 0 0</Process><Process ToolSource="C:\Program Files\ArcGIS\ArcToolbox\Toolboxes\Data Management Tools.tbx\FeatureToPolygon" Date="20100409" Time="123439">FeatureToPolygon INTBWP_Project_wgs84_soi_param I:\share\INDIA_BND_APL2010\modified\INTBWP_Project_wgs84_poly_soi_param.shp # ATTRIBUTES #</Process><Process ToolSource="C:\Program Files (x86)\ArcGIS\ArcToolbox\Toolboxes\Analysis Tools.tbx\Identity" Date="20100504" Time="124905">Identity INTBWP_wgs84_soi_param Guj_Creek G:\Rakesh_WRIS\24_Pargana\Modify\SOI_GJ.shp ALL # NO_RELATIONSHIPS</Process><Process ToolSource="C:\Program Files (x86)\ArcGIS\ArcToolbox\Toolboxes\Analysis Tools.tbx\Identity" Date="20100504" Time="124954">Identity SOI_GJ Diva_GISCopy G:\Rakesh_WRIS\24_Pargana\Modify\SOI_GJ_Pargana.shp ALL # NO_RELATIONSHIPS</Process><Process ToolSource="C:\Program Files (x86)\ArcGIS\ArcToolbox\Toolboxes\Data Management Tools.tbx\MultipartToSinglepart" Date="20100504" Time="125116">MultipartToSinglepart SOI_GJ_Pargana G:\Rakesh_WRIS\24_Pargana\Modify\SOI_GJ_Pargana_MultipartToSi.shp</Process><Process ToolSource="C:\Program Files (x86)\ArcGIS\ArcToolbox\Toolboxes\Analysis Tools.tbx\Update" Date="20100505" Time="104812">Update SOI_Update Bangladesh G:\Rakesh_WRIS\24_Pargana\Modify\SOI_Update1.shp BORDERS #</Process><Process ToolSource="C:\Program Files (x86)\ArcGIS\ArcToolbox\Toolboxes\Analysis Tools.tbx\Update" Date="20100622" Time="131521">Update SOI_India_updated GJ_Creek H:\Updates_after_26may\Nitin\INDIA_BND\SOI_India_up_22June.shp BORDERS #</Process><Process ToolSource="C:\Program Files (x86)\ArcGIS\ArcToolbox\Toolboxes\Analysis Tools.tbx\Update" Date="20100622" Time="132511">Update SOI_India_up_22June DD H:\Updates_after_26may\Nitin\INDIA_BND\SOI_India_up_22June_D.shp BORDERS #</Process><Process ToolSource="C:\Program Files\ArcGIS\ArcToolbox\Toolboxes\Data Management Tools.tbx\Project" Date="20100821" Time="125422">Project G:\Info_Sys_Phase1\Admn_bnd\India_SOI_ETM.shp G:\Info_Sys_Phase1\Admn_bnd\India_SOI_ETM_1.shp PROJCS['WGS_1984_Lambert_Conformal_Conic',GEOGCS['GCS_WGS_1984',DATUM['D_WGS_1984',SPHEROID['WGS_1984',6378137.0,298.257223563]],PRIMEM['Greenwich',0.0],UNIT['Degree',0.0174532925199433]],PROJECTION['Lambert_Conformal_Conic'],PARAMETER['False_Easting',4000000.0],PARAMETER['False_Northing',4000000.0],PARAMETER['Central_Meridian',80.0],PARAMETER['Standard_Parallel_1',12.4729444],PARAMETER['Standard_Parallel_2',35.17280555],PARAMETER['Latitude_Of_Origin',24.0],UNIT['Meter',1.0]] # PROJCS['lcc_wg84',GEOGCS['GCS_WGS_1984',DATUM['D_WGS_1984',SPHEROID['WGS_1984',6378137.0,298.257223563]],PRIMEM['Greenwich',0.0],UNIT['Degree',0.0174532925199433]],PROJECTION['Lambert_Conformal_Conic'],PARAMETER['False_Easting',4000000.0],PARAMETER['False_Northing',4000000.0],PARAMETER['Central_Meridian',80.0],PARAMETER['Standard_Parallel_1',12.4729444],PARAMETER['Standard_Parallel_2',35.17280555],PARAMETER['Scale_Factor',1.0],PARAMETER['Latitude_Of_Origin',24.0],UNIT['Meter',1.0]]</Process><Process ToolSource="C:\Program Files (x86)\ArcGIS\ArcToolbox\Toolboxes\Data Management Tools.tbx\Project" Date="20100907" Time="154038">Project G:\WRIS_1st_Phase_final_data\Inf_sys_28Aug2010\Admn_bnd\India_SOI_ETM_1.shp G:\WRIS_1st_Phase_final_data\Inf_sys_28Aug2010\Admn_bnd\India_SOI_ETM_Geo.shp GEOGCS['GCS_WGS_1984',DATUM['D_WGS_1984',SPHEROID['WGS_1984',6378137.0,298.257223563]],PRIMEM['Greenwich',0.0],UNIT['Degree',0.0174532925199433]] # PROJCS['WGS_1984_Lambert_Conformal_Conic',GEOGCS['GCS_WGS_1984',DATUM['D_WGS_1984',SPHEROID['WGS_1984',6378137.0,298.257223563]],PRIMEM['Greenwich',0.0],UNIT['Degree',0.0174532925199433]],PROJECTION['Lambert_Conformal_Conic'],PARAMETER['False_Easting',4000000.0],PARAMETER['False_Northing',4000000.0],PARAMETER['Central_Meridian',80.0],PARAMETER['Standard_Parallel_1',12.4729444],PARAMETER['Standard_Parallel_2',35.17280555],PARAMETER['Latitude_Of_Origin',24.0],UNIT['Meter',1.0]]</Process><Process ToolSource="C:\Program Files (x86)\ArcGIS\ArcToolbox\Toolboxes\Analysis Tools.tbx\Clip" Date="20111226" Time="134439">Clip Seismic_zones India_SOI_ETM_1 D:\Sharing\Seismic_zones_files_16Dec11\Seismic_zones_new.shp #</Process><Process ToolSource="C:\Program Files (x86)\ArcGIS\Desktop10.0\ArcToolbox\Toolboxes\Data Management Tools.tbx\CalculateField" Date="20111228" Time="164449">CalculateField Seismic_zones_new SEISMIC_ZO ""SEISMIC" + " " + [Seismic_Zn]" VB #</Process><Process ToolSource="C:\Program Files (x86)\ArcGIS\Desktop10.0\ArcToolbox\Toolboxes\Data Management Tools.tbx\CalculateField" Date="20111228" Time="164755">CalculateField Seismic_zones_new SEISMIC_ZO "" VB #</Process><Process ToolSource="C:\Program Files (x86)\ArcGIS\Desktop10.0\ArcToolbox\Toolboxes\Data Management Tools.tbx\CalculateField" Date="20111228" Time="164905">CalculateField Seismic_zones_new SEISMIC_ZO ""Seismic" + " "+ [Seismic_Zn]" VB #</Process><Process ToolSource="C:\Program Files (x86)\ArcGIS\Desktop10.0\ArcToolbox\Toolboxes\Data Management Tools.tbx\CalculateField" Date="20111228" Time="164925">CalculateField Seismic_zones_new SEISMIC_ZO "" VB #</Process><Process ToolSource="C:\Program Files (x86)\ArcGIS\ArcToolbox\Toolboxes\Conversion Tools.tbx\FeatureClassToFeatureClass" Date="20120105" Time="171819">FeatureClassToFeatureClass "G:\Water Extreme\INDIAWARIS 2.0\EARTHQUAKE\Seismic.shp" "G:\Water Extreme\EQ_USGS_IMD.gdb\Earthquake" Siesmic # "Area_sqmet 'Area_sqmet' true true false 19 Double 8 18 ,First,#,G:\Water Extreme\INDIAWARIS 2.0\EARTHQUAKE\Seismic.shp,Area_sqmet,-1,-1;CODE 'CODE' true true false 5 Long 0 5 ,First,#,G:\Water Extreme\INDIAWARIS 2.0\EARTHQUAKE\Seismic.shp,CODE,-1,-1;Code_SOI 'Code_SOI' true true false 5 Long 0 5 ,First,#,G:\Water Extreme\INDIAWARIS 2.0\EARTHQUAKE\Seismic.shp,Code_SOI,-1,-1;Code_CWC 'Code_CWC' true true false 5 Long 0 5 ,First,#,G:\Water Extreme\INDIAWARIS 2.0\EARTHQUAKE\Seismic.shp,Code_CWC,-1,-1;Des_Code 'Des_Code' true true false 100 Text 0 0 ,First,#,G:\Water Extreme\INDIAWARIS 2.0\EARTHQUAKE\Seismic.shp,Des_Code,-1,-1;Desc_SOI 'Desc_SOI' true true false 100 Text 0 0 ,First,#,G:\Water Extreme\INDIAWARIS 2.0\EARTHQUAKE\Seismic.shp,Desc_SOI,-1,-1;Desc_CWC 'Desc_CWC' true true false 100 Text 0 0 ,First,#,G:\Water Extreme\INDIAWARIS 2.0\EARTHQUAKE\Seismic.shp,Desc_CWC,-1,-1;Seismic_Zn 'Seismic_Zn' true true false 20 Text 0 0 ,First,#,G:\Water Extreme\INDIAWARIS 2.0\EARTHQUAKE\Seismic.shp,Seismic_Zn,-1,-1;Rich_scale 'Rich_scale' true true false 30 Text 0 0 ,First,#,G:\Water Extreme\INDIAWARIS 2.0\EARTHQUAKE\Seismic.shp,Rich_scale,-1,-1;SEISMIC_ZO 'SEISMIC_ZO' true true false 50 Text 0 0 ,First,#,G:\Water Extreme\INDIAWARIS 2.0\EARTHQUAKE\Seismic.shp,SEISMIC_ZO,-1,-1" # "G:\Water Extreme\EQ_USGS_IMD.gdb\Earthquake\Siesmic"</Process><Process ToolSource="C:\Program Files (x86)\ArcGIS\Desktop10.0\ArcToolbox\Toolboxes\Data Management Tools.tbx\Project" Date="20120112" Time="172709">Project D:\IndiaWRISData2.0\29Dec2011\test\EQ_USGS_9.gdb\Earthquake\Siesmic D:\IndiaWRISData2.0\29Dec2011\test\EQ_USGS_9.gdb\Siesmic_1 PROJCS['WGS_1984_Lambert_Conformal_Conic',GEOGCS['GCS_WGS_1984',DATUM['D_WGS_1984',SPHEROID['WGS_1984',6378137.0,298.257223563]],PRIMEM['Greenwich',0.0],UNIT['Degree',0.0174532925199433]],PROJECTION['Lambert_Conformal_Conic'],PARAMETER['False_Easting',4000000.0],PARAMETER['False_Northing',4000000.0],PARAMETER['Central_Meridian',80.0],PARAMETER['Standard_Parallel_1',12.472944],PARAMETER['Standard_Parallel_2',35.1728055],PARAMETER['Latitude_Of_Origin',24.0],UNIT['Meter',1.0]] # PROJCS['WGS_1984_Lambert_Conformal_Conic',GEOGCS['GCS_WGS_1984',DATUM['D_WGS_1984',SPHEROID['WGS_1984',6378137.0,298.257223563]],PRIMEM['Greenwich',0.0],UNIT['Degree',0.0174532925199433]],PROJECTION['Lambert_Conformal_Conic'],PARAMETER['False_Easting',4000000.0],PARAMETER['False_Northing',4000000.0],PARAMETER['Central_Meridian',80.0],PARAMETER['Standard_Parallel_1',12.4729444],PARAMETER['Standard_Parallel_2',35.17280555],PARAMETER['Latitude_Of_Origin',24.0],UNIT['Meter',1.0]]</Process><Process ToolSource="C:\Program Files (x86)\ArcGIS\Desktop10.0\ArcToolbox\Toolboxes\Conversion Tools.tbx\FeatureClassToFeatureClass" Date="20120120" Time="121303">FeatureClassToFeatureClass D:\IndiaWRISData2.0\29Dec2011\Data\EARTHQUAKE_EXTREMES\EQ_USGS_IMD.gdb\Earthquake\Siesmic D:\IndiaWRISData2.0\29Dec2011\Data\EARTHQUAKE_EXTREMES\Earthquake.gdb\Earthquake_Data Siesmic # "SEISMIC_ZO "SEISMIC_ZO" true true false 50 Text 0 0 ,First,#,D:\IndiaWRISData2.0\29Dec2011\Data\EARTHQUAKE_EXTREMES\EQ_USGS_IMD.gdb\Earthquake\Siesmic,SEISMIC_ZO,-1,-1;Shape_Length "Shape_Length" false true true 8 Double 0 0 ,First,#,D:\IndiaWRISData2.0\29Dec2011\Data\EARTHQUAKE_EXTREMES\EQ_USGS_IMD.gdb\Earthquake\Siesmic,Shape_Length,-1,-1;Shape_Area "Shape_Area" false true true 8 Double 0 0 ,First,#,D:\IndiaWRISData2.0\29Dec2011\Data\EARTHQUAKE_EXTREMES\EQ_USGS_IMD.gdb\Earthquake\Siesmic,Shape_Area,-1,-1;Intensity_MM "Intensity on MM Scale" true true false 50 Text 0 0 ,First,#,D:\IndiaWRISData2.0\29Dec2011\Data\EARTHQUAKE_EXTREMES\EQ_USGS_IMD.gdb\Earthquake\Siesmic,Intensity_MM,-1,-1" #</Process><Process ToolSource="C:\Program Files (x86)\ArcGIS\Desktop10.0\ArcToolbox\Toolboxes\Data Management Tools.tbx\CopyFeatures" Date="20131206" Time="130002">CopyFeatures I:\sptl_data\sptl_30Apr.gdb\Earthquake_Data\Siesmic_zones I:\sptl_data\INDIA.gdb\EXTREMEFD\Siesmic_zones # 0 0 0</Process></lineage><itemProps><itemLocation><linkage Sync="TRUE">file://\\ARC\G$\DB_Backup2021\2022\IndiaWRIS2022.gdb</linkage><protocol Sync="TRUE">Local Area Network</protocol></itemLocation><itemName Sync="TRUE">geospatial.sdewriter.Siesmic_zones</itemName><imsContentType Sync="TRUE">002</imsContentType><nativeExtBox><westBL Sync="TRUE">2819242.694400</westBL><eastBL Sync="TRUE">5678746.367600</eastBL><southBL Sync="TRUE">2177948.498500</southBL><northBL Sync="TRUE">5443428.054200</northBL><exTypeCode Sync="TRUE">1</exTypeCode></nativeExtBox></itemProps><coordRef><type Sync="TRUE">Projected</type><geogcsn Sync="TRUE">GCS_WGS_1984</geogcsn><projcsn Sync="TRUE">WGS_1984_Lambert_Conformal_Conic</projcsn><peXml Sync="TRUE">&lt;ProjectedCoordinateSystem xsi:type='typens:ProjectedCoordinateSystem' xmlns:xsi='http://www.w3.org/2001/XMLSchema-instance' xmlns:xs='http://www.w3.org/2001/XMLSchema' xmlns:typens='http://www.esri.com/schemas/ArcGIS/10.6'&gt;&lt;WKT&gt;PROJCS[&amp;quot;WGS_1984_Lambert_Conformal_Conic&amp;quot;,GEOGCS[&amp;quot;GCS_WGS_1984&amp;quot;,DATUM[&amp;quot;D_WGS_1984&amp;quot;,SPHEROID[&amp;quot;WGS_1984&amp;quot;,6378137.0,298.257223563]],PRIMEM[&amp;quot;Greenwich&amp;quot;,0.0],UNIT[&amp;quot;Degree&amp;quot;,0.0174532925199433]],PROJECTION[&amp;quot;Lambert_Conformal_Conic&amp;quot;],PARAMETER[&amp;quot;False_Easting&amp;quot;,4000000.0],PARAMETER[&amp;quot;False_Northing&amp;quot;,4000000.0],PARAMETER[&amp;quot;Central_Meridian&amp;quot;,80.0],PARAMETER[&amp;quot;Standard_Parallel_1&amp;quot;,12.4729444],PARAMETER[&amp;quot;Standard_Parallel_2&amp;quot;,35.17280555],PARAMETER[&amp;quot;Latitude_Of_Origin&amp;quot;,24.0],UNIT[&amp;quot;Meter&amp;quot;,1.0]]&lt;/WKT&gt;&lt;XOrigin&gt;-35091300&lt;/XOrigin&gt;&lt;YOrigin&gt;-22777300&lt;/YOrigin&gt;&lt;XYScale&gt;10000&lt;/XYScale&gt;&lt;ZOrigin&gt;-100000&lt;/ZOrigin&gt;&lt;ZScale&gt;10000&lt;/ZScale&gt;&lt;MOrigin&gt;-100000&lt;/MOrigin&gt;&lt;MScale&gt;10000&lt;/MScale&gt;&lt;XYTolerance&gt;0.001&lt;/XYTolerance&gt;&lt;ZTolerance&gt;0.001&lt;/ZTolerance&gt;&lt;MTolerance&gt;0.001&lt;/MTolerance&gt;&lt;HighPrecision&gt;true&lt;/HighPrecision&gt;&lt;/ProjectedCoordinateSystem&gt;</peXml><csUnits Sync="TRUE">Linear Unit: Meter (1.000000)</csUnits></coordRef></DataProperties><ArcGISFormat>1.0</ArcGISFormat><ArcGISstyle>FGDC CSDGM Metadata</ArcGISstyle></Esri><idinfo><native Sync="TRUE">Microsoft Windows 2000 Version 5.2 (Build 3790) Service Pack 2; ESRI ArcCatalog 9.3.1.3000</native><descript><langdata Sync="TRUE">en</langdata><abstract>Original India BND</abstract><purpose>REQUIRED: A summary of the intentions with which the data set was developed.</purpose></descript><citation><citeinfo><origin>REQUIRED: The name of an organization or individual that developed the data set.</origin><pubdate>REQUIRED: The date when the data set is published or otherwise made available for release.</pubdate><title Sync="TRUE">Siesmic</title><ftname Sync="TRUE">Siesmic</ftname><geoform Sync="TRUE">vector digital data</geoform><onlink Sync="TRUE">\\INDIA-WRIS31\G$\Water Extreme\EQ_USGS_IMD.gdb</onlink></citeinfo></citation><timeperd><current>REQUIRED: The basis on which the time period of content information is determined.</current><timeinfo><sngdate><caldate>REQUIRED: The year (and optionally month, or month and day) for which the data set corresponds to the ground.</caldate></sngdate></timeinfo></timeperd><status><progress>REQUIRED: The state of the data set.</progress><update>REQUIRED: The frequency with which changes and additions are made to the data set after the initial data set is completed.</update></status><spdom><bounding><westbc Sync="TRUE">66.849382</westbc><eastbc Sync="TRUE">98.641878</eastbc><northbc Sync="TRUE">37.158126</northbc><southbc Sync="TRUE">6.656343</southbc></bounding><lboundng><leftbc Sync="TRUE">2819242.695139</leftbc><rightbc Sync="TRUE">5678746.367129</rightbc><bottombc Sync="TRUE">2178371.690904</bottombc><topbc Sync="TRUE">5443428.053946</topbc></lboundng></spdom><keywords><theme><themekt>REQUIRED: Reference to a formally registered thesaurus or a similar authoritative source of theme keywords.</themekt><themekey>REQUIRED: Common-use word or phrase used to describe the subject of the data set.</themekey></theme></keywords><accconst>REQUIRED: Restrictions and legal prerequisites for accessing the data set.</accconst><useconst>REQUIRED: Restrictions and legal prerequisites for using the data set after access is granted.</useconst><natvform Sync="TRUE">File Geodatabase Feature Class</natvform></idinfo><dataIdInfo><envirDesc Sync="TRUE"> Version 6.2 (Build 9200) ; Esri ArcGIS 10.6.0.8321</envirDesc><dataLang><languageCode Sync="TRUE" value="eng" country="IND"></languageCode><countryCode value="USA" Sync="TRUE"></countryCode></dataLang><idCitation><resTitle Sync="TRUE">geospatial.sdewriter.Siesmic_zones</resTitle><presForm><PresFormCd Sync="TRUE" value="005"></PresFormCd></presForm></idCitation><spatRpType><SpatRepTypCd Sync="TRUE" value="001"></SpatRepTypCd></spatRpType><dataExt><geoEle><GeoBndBox esriExtentType="native"><westBL Sync="TRUE">2819242.695139</westBL><eastBL Sync="TRUE">5678746.367129</eastBL><northBL Sync="TRUE">5443428.053946</northBL><southBL Sync="TRUE">2178371.690904</southBL><exTypeCode Sync="TRUE">1</exTypeCode></GeoBndBox></geoEle></dataExt><geoBox esriExtentType="decdegrees"><westBL Sync="TRUE">66.849382</westBL><eastBL Sync="TRUE">98.641878</eastBL><northBL Sync="TRUE">37.158126</northBL><southBL Sync="TRUE">6.656343</southBL><exTypeCode Sync="TRUE">1</exTypeCode></geoBox><descKeys><thesaName uuidref="723f6998-058e-11dc-8314-0800200c9a66"></thesaName><keyword Sync="TRUE">002</keyword></descKeys><dataExt><geoEle><GeoBndBox esriExtentType="search"><exTypeCode Sync="TRUE">1</exTypeCode><westBL Sync="TRUE">66.849382</westBL><eastBL Sync="TRUE">98.641878</eastBL><northBL Sync="TRUE">37.158126</northBL><southBL Sync="TRUE">6.652630</southBL></GeoBndBox></geoEle></dataExt></dataIdInfo><metainfo><langmeta Sync="TRUE">en</langmeta><metstdn Sync="TRUE">FGDC Content Standards for Digital Geospatial Metadata</metstdn><metstdv Sync="TRUE">FGDC-STD-001-1998</metstdv><mettc Sync="TRUE">local time</mettc><metc><cntinfo><cntorgp><cntper>REQUIRED: The person responsible for the metadata information.</cntper><cntorg>REQUIRED: The organization responsible for the metadata information.</cntorg></cntorgp><cntaddr><addrtype>REQUIRED: The mailing and/or physical address for the organization or individual.</addrtype><city>REQUIRED: The city of the address.</city><state>REQUIRED: The state or province of the address.</state><postal>REQUIRED: The ZIP or other postal code of the address.</postal></cntaddr><cntvoice>REQUIRED: The telephone number by which individuals can speak to the organization or individual.</cntvoice></cntinfo></metc><metd Sync="TRUE">20120105</metd></metainfo><mdLang><languageCode Sync="TRUE" value="eng"></languageCode><countryCode value="USA" Sync="TRUE"></countryCode></mdLang><mdStanName Sync="TRUE">ISO 19115 Geographic Information - Metadata</mdStanName><mdStanVer Sync="TRUE">DIS_ESRI1.0</mdStanVer><mdChar><CharSetCd Sync="TRUE" value="004"></CharSetCd></mdChar><mdHrLv><ScopeCd Sync="TRUE" value="005"></ScopeCd></mdHrLv><mdHrLvName Sync="TRUE">dataset</mdHrLvName><distinfo><resdesc Sync="TRUE">Downloadable Data</resdesc><stdorder><digform><digtinfo><transize Sync="TRUE">0.000</transize><dssize Sync="TRUE">0.000</dssize></digtinfo></digform></stdorder></distinfo><distInfo><distributor><distorTran><onLineSrc><orDesc Sync="TRUE">002</orDesc><linkage Sync="TRUE">file://\\INDIA-WRIS31\G$\Water Extreme\EQ_USGS_IMD.gdb</linkage><protocol Sync="TRUE">Local Area Network</protocol></onLineSrc><transSize Sync="TRUE">0.000</transSize></distorTran><distorFormat><formatName Sync="TRUE">File Geodatabase Feature Class</formatName></distorFormat></distributor><distFormat><formatName Sync="TRUE">SDE Feature Class</formatName></distFormat></distInfo><spdoinfo><direct Sync="TRUE">Vector</direct><ptvctinf><esriterm Name="geospatial.sdewriter.Siesmic_zones"><efeatyp Sync="TRUE">Simple</efeatyp><efeageom code="4" Sync="TRUE"></efeageom><esritopo Sync="TRUE">FALSE</esritopo><efeacnt Sync="TRUE">173</efeacnt><spindex Sync="TRUE">TRUE</spindex><linrefer Sync="TRUE">FALSE</linrefer></esriterm></ptvctinf></spdoinfo><spref><horizsys><cordsysn><geogcsn Sync="TRUE">GCS_WGS_1984</geogcsn><projcsn Sync="TRUE">WGS_1984_Lambert_Conformal_Conic</projcsn></cordsysn><geodetic><horizdn Sync="TRUE">D_WGS_1984</horizdn><ellips Sync="TRUE">WGS_1984</ellips><semiaxis Sync="TRUE">6378137.000000</semiaxis><denflat Sync="TRUE">298.257224</denflat></geodetic><planar><planci><plance Sync="TRUE">coordinate pair</plance><plandu Sync="TRUE">meters</plandu><coordrep><absres Sync="TRUE">0.000100</absres><ordres Sync="TRUE">0.000100</ordres></coordrep></planci></planar></horizsys><vertdef><altsys><altenc Sync="TRUE">Explicit elevation coordinate included with horizontal coordinates</altenc><altres Sync="TRUE">0.000100</altres></altsys></vertdef></spref><refSysInfo><RefSystem><refSysID><identCode Sync="TRUE" code="0">WGS_1984_Lambert_Conformal_Conic</identCode></refSysID></RefSystem></refSysInfo><spatRepInfo><VectSpatRep><geometObjs Name="geospatial.sdewriter.Siesmic_zones"><geoObjTyp><GeoObjTypCd value="002" Sync="TRUE"></GeoObjTypCd></geoObjTyp><geoObjCnt Sync="TRUE">173</geoObjCnt></geometObjs><topLvl><TopoLevCd value="001" Sync="TRUE"></TopoLevCd></topLvl></VectSpatRep></spatRepInfo><eainfo><detailed Name="geospatial.sdewriter.Siesmic_zones"><enttyp><enttypl Sync="TRUE">geospatial.sdewriter.Siesmic_zones</enttypl><enttypt Sync="TRUE">Feature Class</enttypt><enttypc Sync="TRUE">173</enttypc></enttyp><attr><attrlabl Sync="TRUE">OBJECTID</attrlabl><attalias Sync="TRUE">OBJECTID</attalias><attrtype Sync="TRUE">OID</attrtype><attwidth Sync="TRUE">4</attwidth><atprecis Sync="TRUE">10</atprecis><attscale Sync="TRUE">0</attscale><attrdef Sync="TRUE">Internal feature number.</attrdef><attrdefs Sync="TRUE">ESRI</attrdefs><attrdomv><udom Sync="TRUE">Sequential unique whole numbers that are automatically generated.</udom></attrdomv></attr><attr><attrlabl Sync="TRUE">Shape</attrlabl><attalias Sync="TRUE">Shape</attalias><attrtype Sync="TRUE">Geometry</attrtype><attwidth Sync="TRUE">4</attwidth><atprecis Sync="TRUE">0</atprecis><attscale Sync="TRUE">0</attscale><attrdef Sync="TRUE">Feature geometry.</attrdef><attrdefs Sync="TRUE">ESRI</attrdefs><attrdomv><udom Sync="TRUE">Coordinates defining the features.</udom></attrdomv></attr><attr><attrlabl Sync="TRUE">SEISMIC_ZO</attrlabl><attalias Sync="TRUE">SEISMIC_ZO</attalias><attrtype Sync="TRUE">String</attrtype><attwidth Sync="TRUE">50</attwidth><atprecis Sync="TRUE">0</atprecis><attscale Sync="TRUE">0</attscale></attr><attr><attrlabl Sync="TRUE">Intensity_MM</attrlabl><attalias Sync="TRUE">Intensity on MM Scale</attalias><attrtype Sync="TRUE">String</attrtype><attwidth Sync="TRUE">50</attwidth><atprecis Sync="TRUE">0</atprecis><attscale Sync="TRUE">0</attscale></attr><attr><attrlabl Sync="TRUE">st_area(shape)</attrlabl><attalias Sync="TRUE">st_area(shape)</attalias><attrtype Sync="TRUE">Double</attrtype><attwidth Sync="TRUE">0</attwidth><atprecis Sync="TRUE">0</atprecis><attscale Sync="TRUE">0</attscale></attr><attr><attrlabl Sync="TRUE">st_length(shape)</attrlabl><attalias Sync="TRUE">st_length(shape)</attalias><attrtype Sync="TRUE">Double</attrtype><attwidth Sync="TRUE">0</attwidth><atprecis Sync="TRUE">0</atprecis><attscale Sync="TRUE">0</attscale></attr></detailed></eainfo><mdDateSt Sync="TRUE">20200524</mdDateSt><dataqual><lineage><procstep><procdesc Sync="TRUE">Dataset copied.</procdesc><procdate Sync="TRUE">20100409</procdate><proctime Sync="TRUE">12281200</proctime></procstep><procstep><procdesc Sync="TRUE">Dataset copied.</procdesc><srcused Sync="TRUE">I:\share\INDIA_BND_APL2010\modified\INTBWP_Project_wgs84_poly_soi_param</srcused><procdate Sync="TRUE">20100409</procdate><proctime Sync="TRUE">17201200</proctime></procstep><procstep><procdesc Sync="TRUE">Dataset copied.</procdesc><srcused Sync="TRUE">I:\share\INDIA_BND_APL2010\Final_IND_BND_JRS_9Apl2010\INTBWP_wgs84_soi_param</srcused><procdate Sync="TRUE">20100410</procdate><proctime Sync="TRUE">14214200</proctime></procstep><procstep><procdesc Sync="TRUE">Dataset copied.</procdesc><srcused Sync="TRUE">I:\share\INDIA_BND_APL2010\Final_IND_BND_JRS_10apl2010\INTBWP_wgs84_soi_param</srcused><procdate Sync="TRUE">20100410</procdate><proctime Sync="TRUE">15073400</proctime></procstep><procstep><procdesc Sync="TRUE">Dataset copied.</procdesc><srcused Sync="TRUE">G:\Rakesh_WRIS\24_Pargana\Modify\SOI_Update1</srcused><procdate Sync="TRUE">20100506</procdate><proctime Sync="TRUE">16282500</proctime></procstep><procstep><procdesc Sync="TRUE">Dataset copied.</procdesc><srcused Sync="TRUE">G:\Rakesh_WRIS\To_Rakesh_Sir_6May2010\SOI_India_updated</srcused><procdate Sync="TRUE">20100513</procdate><proctime Sync="TRUE">17170700</proctime></procstep><procstep><procdesc Sync="TRUE">Dataset copied.</procdesc><srcused Sync="TRUE">H:\Updates_after_26may\Nitin\INDIA_BND\SOI_India_22June</srcused><procdate Sync="TRUE">20100622</procdate><proctime Sync="TRUE">17562100</proctime></procstep><procstep><procdesc Sync="TRUE">Dataset copied.</procdesc><srcused Sync="TRUE">G:\WRIS_NITIN\Version\Version_4\INDIA_BND_ETM_SRTM\SOI_India_ETM_GJ_22June</srcused><procdate Sync="TRUE">20100819</procdate><proctime Sync="TRUE">12552300</proctime></procstep><procstep><procdesc Sync="TRUE">Dataset copied.</procdesc><srcused Sync="TRUE">I:\India_WRIS\Basin_19Aug2010\India_SOI_ETM</srcused><procdate Sync="TRUE">20100820</procdate><proctime Sync="TRUE">09444700</proctime></procstep><procstep><procdesc Sync="TRUE">Dataset copied.</procdesc><srcused Sync="TRUE"></srcused><procdate Sync="TRUE">20100821</procdate><proctime Sync="TRUE">12542200</proctime></procstep><procstep><procdesc Sync="TRUE">Dataset copied.</procdesc><srcused Sync="TRUE"></srcused><procdate Sync="TRUE">20100907</procdate><proctime Sync="TRUE">15403800</proctime></procstep><procstep><procdesc Sync="TRUE">Dataset copied.</procdesc><srcused Sync="TRUE"></srcused><procdate Sync="TRUE">20110118</procdate><proctime Sync="TRUE">16580400</proctime></procstep><procstep><procdesc Sync="TRUE">Dataset copied.</procdesc><srcused Sync="TRUE"></srcused><procdate Sync="TRUE">20110221</procdate><proctime Sync="TRUE">17012200</proctime></procstep><procstep><procdesc Sync="TRUE">Dataset copied.</procdesc><srcused Sync="TRUE"></srcused><procdate Sync="TRUE">20120105</procdate><proctime Sync="TRUE">17003300</proctime></procstep></lineage></dataqual></metadata>
